<?xml version="1.0" encoding="ISO-8859-1"?><!DOCTYPE dblp SYSTEM "dblp.dtd"><dblp>
<article key="journals/acta/Saxena96"><author>Sanjeev Saxena</author><title>Parallel Integer Sorting and Simulation Amongst CRCW Models.</title><pages>607-619</pages><year>1996</year><journal>Acta Inf.</journal></article>
<article key="journals/bsl/Maddy12"><author>Penelope Maddy</author><title>The philosophy of logic.</title><pages>481-504</pages><year>2012</year><journal>Bulletin of Symbolic Logic</journal></article>
<article key="journals/cii/ElghazelBGHMZ15"><author>Wiem Elghazel</author><author>Jacques M. Bahi</author><author>Christophe Guyeux</author><author>Mourad Hakem</author><author>Kamal Medjaher</author><author>Noureddine Zerhouni</author><title>Dependability of wireless sensor networks for industrial prognostics and health management.</title><pages>1-15</pages><year>2015</year><journal>Computers in Industry</journal></article>
<article key="journals/tele/LeePLB15"><author>Sangwon Lee</author><author>Eun-A. Park</author><author>Seonmi Lee</author><author>Justin Brown</author><title>Determinants of IPTV diffusion.</title><pages>439-446</pages><year>2015</year><journal>Telematics and Informatics</journal></article>
<article key="journals/pvldb/Schindler12"><author>Jiri Schindler</author><title>I/O Characteristics of NoSQL Databases.</title><pages>2020-2021</pages><year>2012</year><journal>PVLDB</journal></article>
<article key="journals/pvldb/SikkaFGL13"><author>Vishal Sikka</author><author>Franz F&auml;rber</author><author>Anil K. Goel</author><author>Wolfgang Lehner</author><title>SAP HANA: The Evolution from a Modern Main-Memory Data Platform to an Enterprise Application Platform.</title><pages>1184-1185</pages><year>2013</year><journal>PVLDB</journal></article>
<inproceedings key="journals/lncs/FlaterY93"><author>David W. Flater</author><author>Yelena Yesha</author><title>Towards Flexible Distributed Information Retrieval.</title><pages>259-276</pages><year>1993</year><booktitle>Advanced Database Systems</booktitle></inproceedings>
<inproceedings key="journals/lncs/Comon94"><author>Hubert Comon</author><title>Constraints in Term Algebras: An Overview of Constraint Solving Techniques</title><pages>62-67</pages><booktitle>Constraint Programming</booktitle><year>1994</year></inproceedings>
<inproceedings key="journals/lncs/WachsmuthG91"><author>Ipke Wachsmuth</author><author>Barbara G&auml;ngler</author><title>Knowledge Packets and Knowledge Packet Structure.</title><pages>380-393</pages><year>1991</year><booktitle>Text Understanding in LILOG</booktitle></inproceedings>
<inproceedings key="journals/procedia/SeimandiDR10"><author>Pierre Seimandi</author><author>Guillaume Dufour</author><author>Fran&ccedil;ois Rogier</author><title>A two scale model of air corona discharges.</title><pages>627-635</pages><year>2010</year><booktitle>ICCS</booktitle></inproceedings>
</dblp>

